{
	"credit": "Made with Blockbench",
	"texture_size": [64, 64],
	"textures": {
		"4": "item/lvbu5",
		"particle": "item/lvbu1"
	},
	"elements": [
		{
			"from": [6, -5, 6],
			"to": [8, 16, 9],
			"rotation": {"angle": 0, "axis": "y", "origin": [6, -5, 6]},
			"faces": {
				"north": {"uv": [1.5, 0, 2, 5.25], "texture": "#4"},
				"east": {"uv": [0, 0, 0.75, 5.25], "texture": "#4"},
				"south": {"uv": [2, 0, 2.5, 5.25], "texture": "#4"},
				"west": {"uv": [0.75, 0, 1.5, 5.25], "texture": "#4"},
				"up": {"uv": [3.5, 6.25, 3, 5.5], "texture": "#4"},
				"down": {"uv": [6, 4.25, 5.5, 5], "texture": "#4"}
			}
		},
		{
			"from": [5, 20, 5],
			"to": [9, 21, 10],
			"rotation": {"angle": 0, "axis": "y", "origin": [5, 20, 5]},
			"faces": {
				"north": {"uv": [3.5, 5.75, 4.5, 6], "texture": "#4"},
				"east": {"uv": [5.5, 0.5, 6.75, 0.75], "texture": "#4"},
				"south": {"uv": [2, 6, 3, 6.25], "texture": "#4"},
				"west": {"uv": [6, 4.25, 7.25, 4.5], "texture": "#4"},
				"up": {"uv": [3.5, 1.25, 2.5, 0], "texture": "#4"},
				"down": {"uv": [3.5, 1.25, 2.5, 2.5], "texture": "#4"}
			}
		},
		{
			"from": [5, 16, 5],
			"to": [9, 17, 9],
			"rotation": {"angle": 0, "axis": "y", "origin": [5, 16, 5]},
			"faces": {
				"north": {"uv": [2, 8.25, 3, 8.5], "texture": "#4"},
				"east": {"uv": [8.25, 2, 9.25, 2.25], "texture": "#4"},
				"south": {"uv": [8.25, 2.25, 9.25, 2.5], "texture": "#4"},
				"west": {"uv": [8.25, 2.5, 9.25, 2.75], "texture": "#4"},
				"up": {"uv": [4.5, 2.25, 3.5, 1.25], "texture": "#4"},
				"down": {"uv": [4.5, 2.25, 3.5, 3.25], "texture": "#4"}
			}
		},
		{
			"from": [5, 14, 9],
			"to": [9, 16, 10],
			"rotation": {"angle": 0, "axis": "y", "origin": [5, 14, 9]},
			"faces": {
				"north": {"uv": [2, 5.5, 3, 6], "texture": "#4"},
				"east": {"uv": [6.25, 9, 6.5, 9.5], "texture": "#4"},
				"south": {"uv": [5.5, 2.75, 6.5, 3.25], "texture": "#4"},
				"west": {"uv": [6.5, 9, 6.75, 9.5], "texture": "#4"},
				"up": {"uv": [9.25, 5, 8.25, 4.75], "texture": "#4"},
				"down": {"uv": [6, 8.25, 5, 8.5], "texture": "#4"}
			}
		},
		{
			"from": [5, 13, 10],
			"to": [9, 15, 11],
			"rotation": {"angle": 0, "axis": "y", "origin": [5, 13, 10]},
			"faces": {
				"north": {"uv": [5.5, 3.25, 6.5, 3.75], "texture": "#4"},
				"east": {"uv": [9, 6.5, 9.25, 7], "texture": "#4"},
				"south": {"uv": [5.5, 3.75, 6.5, 4.25], "texture": "#4"},
				"west": {"uv": [6.75, 9, 7, 9.5], "texture": "#4"},
				"up": {"uv": [9.25, 5.25, 8.25, 5], "texture": "#4"},
				"down": {"uv": [9.25, 5.25, 8.25, 5.5], "texture": "#4"}
			}
		},
		{
			"from": [5, 13, 11],
			"to": [9, 14, 12],
			"rotation": {"angle": 0, "axis": "y", "origin": [5, 13, 11]},
			"faces": {
				"north": {"uv": [8.25, 5.5, 9.25, 5.75], "texture": "#4"},
				"east": {"uv": [9.25, 9.25, 9.5, 9.5], "texture": "#4"},
				"south": {"uv": [8.25, 5.75, 9.25, 6], "texture": "#4"},
				"west": {"uv": [0, 9.5, 0.25, 9.75], "texture": "#4"},
				"up": {"uv": [7, 8.5, 6, 8.25], "texture": "#4"},
				"down": {"uv": [8, 8.25, 7, 8.5], "texture": "#4"}
			}
		},
		{
			"from": [5, -6, 5],
			"to": [9, -5, 10],
			"rotation": {"angle": 0, "axis": "y", "origin": [5, -9, 5]},
			"faces": {
				"north": {"uv": [6.25, 5.5, 7.25, 5.75], "texture": "#4"},
				"east": {"uv": [6, 4.5, 7.25, 4.75], "texture": "#4"},
				"south": {"uv": [6.25, 5.75, 7.25, 6], "texture": "#4"},
				"west": {"uv": [6, 4.75, 7.25, 5], "texture": "#4"},
				"up": {"uv": [3.5, 3.75, 2.5, 2.5], "texture": "#4"},
				"down": {"uv": [4.5, 0, 3.5, 1.25], "texture": "#4"}
			}
		},
		{
			"from": [5, 21, 5],
			"to": [9, 22, 6],
			"rotation": {"angle": 0, "axis": "y", "origin": [5, 21, 5]},
			"faces": {
				"north": {"uv": [3.5, 6, 4.5, 6.25], "texture": "#4"},
				"east": {"uv": [5.25, 2.75, 5.5, 3], "texture": "#4"},
				"south": {"uv": [5.5, 6, 6.5, 6.25], "texture": "#4"},
				"west": {"uv": [7.5, 9, 7.75, 9.25], "texture": "#4"},
				"up": {"uv": [7.25, 1, 6.25, 0.75], "texture": "#4"},
				"down": {"uv": [7.25, 1, 6.25, 1.25], "texture": "#4"}
			}
		},
		{
			"from": [5, 22, 7],
			"to": [9, 23, 8],
			"rotation": {"angle": 0, "axis": "y", "origin": [5, 22, 7]},
			"faces": {
				"north": {"uv": [6, 6.75, 7, 7], "texture": "#4"},
				"east": {"uv": [0.25, 9.25, 0.5, 9.5], "texture": "#4"},
				"south": {"uv": [0, 7, 1, 7.25], "texture": "#4"},
				"west": {"uv": [9.25, 0.25, 9.5, 0.5], "texture": "#4"},
				"up": {"uv": [2, 7.25, 1, 7], "texture": "#4"},
				"down": {"uv": [3, 7, 2, 7.25], "texture": "#4"}
			}
		},
		{
			"from": [5, 25, 5],
			"to": [9, 26, 6],
			"rotation": {"angle": 0, "axis": "y", "origin": [5, 25, 5]},
			"faces": {
				"north": {"uv": [7.25, 2, 8.25, 2.25], "texture": "#4"},
				"east": {"uv": [2.25, 9.25, 2.5, 9.5], "texture": "#4"},
				"south": {"uv": [7.25, 2.25, 8.25, 2.5], "texture": "#4"},
				"west": {"uv": [9.25, 2.25, 9.5, 2.5], "texture": "#4"},
				"up": {"uv": [8.25, 2.75, 7.25, 2.5], "texture": "#4"},
				"down": {"uv": [4, 7.25, 3, 7.5], "texture": "#4"}
			}
		},
		{
			"from": [5, 25, 9],
			"to": [9, 26, 10],
			"rotation": {"angle": 0, "axis": "y", "origin": [5, 25, 9]},
			"faces": {
				"north": {"uv": [4, 7.25, 5, 7.5], "texture": "#4"},
				"east": {"uv": [2.5, 9.25, 2.75, 9.5], "texture": "#4"},
				"south": {"uv": [7.25, 4.25, 8.25, 4.5], "texture": "#4"},
				"west": {"uv": [9.25, 2.5, 9.5, 2.75], "texture": "#4"},
				"up": {"uv": [8.25, 4.75, 7.25, 4.5], "texture": "#4"},
				"down": {"uv": [8.25, 4.75, 7.25, 5], "texture": "#4"}
			}
		},
		{
			"from": [6, 28, 8],
			"to": [8, 29, 9],
			"rotation": {"angle": 0, "axis": "y", "origin": [6, 28, 8]},
			"faces": {
				"north": {"uv": [0.75, 9, 1.25, 9.25], "texture": "#4"},
				"east": {"uv": [8, 9.25, 8.25, 9.5], "texture": "#4"},
				"south": {"uv": [1.25, 9, 1.75, 9.25], "texture": "#4"},
				"west": {"uv": [9.25, 8, 9.5, 8.25], "texture": "#4"},
				"up": {"uv": [9.5, 1.75, 9, 1.5], "texture": "#4"},
				"down": {"uv": [9.5, 1.75, 9, 2], "texture": "#4"}
			}
		},
		{
			"from": [6, 28, 6],
			"to": [8, 29, 7],
			"rotation": {"angle": 0, "axis": "y", "origin": [6, 28, 6]},
			"faces": {
				"north": {"uv": [2.5, 9, 3, 9.25], "texture": "#4"},
				"east": {"uv": [8.25, 9.25, 8.5, 9.5], "texture": "#4"},
				"south": {"uv": [3, 9, 3.5, 9.25], "texture": "#4"},
				"west": {"uv": [9.25, 8.25, 9.5, 8.5], "texture": "#4"},
				"up": {"uv": [4, 9.25, 3.5, 9], "texture": "#4"},
				"down": {"uv": [9.5, 3.75, 9, 4], "texture": "#4"}
			}
		},
		{
			"from": [5, 27, 7],
			"to": [9, 28, 8],
			"rotation": {"angle": 0, "axis": "y", "origin": [5, 27, 7]},
			"faces": {
				"north": {"uv": [7.5, 3.5, 8.5, 3.75], "texture": "#4"},
				"east": {"uv": [3.5, 9.25, 3.75, 9.5], "texture": "#4"},
				"south": {"uv": [7.5, 3.75, 8.5, 4], "texture": "#4"},
				"west": {"uv": [9.25, 3.5, 9.5, 3.75], "texture": "#4"},
				"up": {"uv": [5, 7.75, 4, 7.5], "texture": "#4"},
				"down": {"uv": [8.5, 4, 7.5, 4.25], "texture": "#4"}
			}
		},
		{
			"from": [5, 22, 5],
			"to": [9, 23, 6],
			"rotation": {"angle": 0, "axis": "y", "origin": [5, 22, 5]},
			"faces": {
				"north": {"uv": [6.5, 6, 7.5, 6.25], "texture": "#4"},
				"east": {"uv": [9, 8.75, 9.25, 9], "texture": "#4"},
				"south": {"uv": [0, 6.75, 1, 7], "texture": "#4"},
				"west": {"uv": [9, 9, 9.25, 9.25], "texture": "#4"},
				"up": {"uv": [7.75, 0.75, 6.75, 0.5], "texture": "#4"},
				"down": {"uv": [2, 6.75, 1, 7], "texture": "#4"}
			}
		},
		{
			"from": [5, 21, 8],
			"to": [9, 22, 9],
			"rotation": {"angle": 0, "axis": "y", "origin": [5, 21, 8]},
			"faces": {
				"north": {"uv": [6.5, 3, 7.5, 3.25], "texture": "#4"},
				"east": {"uv": [9, 8.25, 9.25, 8.5], "texture": "#4"},
				"south": {"uv": [6.5, 3.25, 7.5, 3.5], "texture": "#4"},
				"west": {"uv": [8.5, 9, 8.75, 9.25], "texture": "#4"},
				"up": {"uv": [7.5, 3.75, 6.5, 3.5], "texture": "#4"},
				"down": {"uv": [7.5, 3.75, 6.5, 4], "texture": "#4"}
			}
		},
		{
			"from": [5, 20, 11],
			"to": [9, 21, 12],
			"rotation": {"angle": 0, "axis": "y", "origin": [5, 20, 11]},
			"faces": {
				"north": {"uv": [0, 7.25, 1, 7.5], "texture": "#4"},
				"east": {"uv": [1, 9.25, 1.25, 9.5], "texture": "#4"},
				"south": {"uv": [7.25, 0.75, 8.25, 1], "texture": "#4"},
				"west": {"uv": [9.25, 1, 9.5, 1.25], "texture": "#4"},
				"up": {"uv": [2, 7.5, 1, 7.25], "texture": "#4"},
				"down": {"uv": [8.25, 1, 7.25, 1.25], "texture": "#4"}
			}
		},
		{
			"from": [5, 16, 9],
			"to": [9, 17, 10],
			"rotation": {"angle": 0, "axis": "y", "origin": [5, 16, 9]},
			"faces": {
				"north": {"uv": [3, 8.25, 4, 8.5], "texture": "#4"},
				"east": {"uv": [9, 9.25, 9.25, 9.5], "texture": "#4"},
				"south": {"uv": [4, 8.25, 5, 8.5], "texture": "#4"},
				"west": {"uv": [9.25, 9, 9.5, 9.25], "texture": "#4"},
				"up": {"uv": [9.25, 4.5, 8.25, 4.25], "texture": "#4"},
				"down": {"uv": [9.25, 4.5, 8.25, 4.75], "texture": "#4"}
			}
		},
		{
			"from": [5, 20, 3],
			"to": [9, 21, 4],
			"rotation": {"angle": 0, "axis": "y", "origin": [5, 20, 3]},
			"faces": {
				"north": {"uv": [7.25, 1.25, 8.25, 1.5], "texture": "#4"},
				"east": {"uv": [1.5, 9.25, 1.75, 9.5], "texture": "#4"},
				"south": {"uv": [7.25, 1.5, 8.25, 1.75], "texture": "#4"},
				"west": {"uv": [1.75, 9.25, 2, 9.5], "texture": "#4"},
				"up": {"uv": [8.25, 2, 7.25, 1.75], "texture": "#4"},
				"down": {"uv": [3, 7.25, 2, 7.5], "texture": "#4"}
			}
		},
		{
			"from": [5, 22, 3],
			"to": [9, 23, 4],
			"rotation": {"angle": 0, "axis": "y", "origin": [5, 22, 3]},
			"faces": {
				"north": {"uv": [5, 7.5, 6, 7.75], "texture": "#4"},
				"east": {"uv": [3.75, 9.25, 4, 9.5], "texture": "#4"},
				"south": {"uv": [6, 7.5, 7, 7.75], "texture": "#4"},
				"west": {"uv": [9.25, 4.25, 9.5, 4.5], "texture": "#4"},
				"up": {"uv": [8.5, 6.25, 7.5, 6], "texture": "#4"},
				"down": {"uv": [8, 7.5, 7, 7.75], "texture": "#4"}
			}
		},
		{
			"from": [5, 25, 2],
			"to": [9, 26, 3],
			"rotation": {"angle": 0, "axis": "y", "origin": [5, 25, 2]},
			"faces": {
				"north": {"uv": [7, 7.75, 8, 8], "texture": "#4"},
				"east": {"uv": [5.25, 9.25, 5.5, 9.5], "texture": "#4"},
				"south": {"uv": [0, 8, 1, 8.25], "texture": "#4"},
				"west": {"uv": [9.25, 5.25, 9.5, 5.5], "texture": "#4"},
				"up": {"uv": [2, 8.25, 1, 8], "texture": "#4"},
				"down": {"uv": [3, 8, 2, 8.25], "texture": "#4"}
			}
		},
		{
			"from": [6, 28, 0],
			"to": [8, 29, 1],
			"rotation": {"angle": 0, "axis": "y", "origin": [6, 28, 0]},
			"faces": {
				"north": {"uv": [8.5, 6, 9, 6.25], "texture": "#4"},
				"east": {"uv": [9.25, 5.5, 9.5, 5.75], "texture": "#4"},
				"south": {"uv": [8.5, 8.25, 9, 8.5], "texture": "#4"},
				"west": {"uv": [9.25, 5.75, 9.5, 6], "texture": "#4"},
				"up": {"uv": [9, 8.75, 8.5, 8.5], "texture": "#4"},
				"down": {"uv": [9.25, 0.5, 8.75, 0.75], "texture": "#4"}
			}
		},
		{
			"from": [6, 28, 14],
			"to": [8, 29, 15],
			"rotation": {"angle": 0, "axis": "y", "origin": [6, 28, 14]},
			"faces": {
				"north": {"uv": [0.75, 8.75, 1.25, 9], "texture": "#4"},
				"east": {"uv": [9.25, 6, 9.5, 6.25], "texture": "#4"},
				"south": {"uv": [8.75, 1, 9.25, 1.25], "texture": "#4"},
				"west": {"uv": [9.25, 6.25, 9.5, 6.5], "texture": "#4"},
				"up": {"uv": [1.75, 9, 1.25, 8.75], "texture": "#4"},
				"down": {"uv": [9.25, 1.25, 8.75, 1.5], "texture": "#4"}
			}
		},
		{
			"from": [5, 26, 10],
			"to": [9, 27, 11],
			"rotation": {"angle": 0, "axis": "y", "origin": [5, 26, 10]},
			"faces": {
				"north": {"uv": [8, 6.25, 9, 6.5], "texture": "#4"},
				"east": {"uv": [9.25, 6.5, 9.5, 6.75], "texture": "#4"},
				"south": {"uv": [8, 6.5, 9, 6.75], "texture": "#4"},
				"west": {"uv": [9.25, 6.75, 9.5, 7], "texture": "#4"},
				"up": {"uv": [9, 7, 8, 6.75], "texture": "#4"},
				"down": {"uv": [8, 8, 7, 8.25], "texture": "#4"}
			}
		},
		{
			"from": [6, 29, 8],
			"to": [8, 30, 9],
			"rotation": {"angle": 0, "axis": "y", "origin": [6, 29, 8]},
			"faces": {
				"north": {"uv": [2.5, 8.75, 3, 9], "texture": "#4"},
				"east": {"uv": [7.5, 9.25, 7.75, 9.5], "texture": "#4"},
				"south": {"uv": [8.75, 2.75, 9.25, 3], "texture": "#4"},
				"west": {"uv": [9.25, 7.5, 9.5, 7.75], "texture": "#4"},
				"up": {"uv": [9.25, 3.25, 8.75, 3], "texture": "#4"},
				"down": {"uv": [9.25, 3.25, 8.75, 3.5], "texture": "#4"}
			}
		},
		{
			"from": [6, 29, 6],
			"to": [8, 30, 7],
			"rotation": {"angle": 0, "axis": "y", "origin": [5, 29, 6]},
			"faces": {
				"north": {"uv": [3.5, 8.75, 4, 9], "texture": "#4"},
				"east": {"uv": [7.75, 9.25, 8, 9.5], "texture": "#4"},
				"south": {"uv": [8.75, 3.5, 9.25, 3.75], "texture": "#4"},
				"west": {"uv": [9.25, 7.75, 9.5, 8], "texture": "#4"},
				"up": {"uv": [4.5, 9, 4, 8.75], "texture": "#4"},
				"down": {"uv": [5, 8.75, 4.5, 9], "texture": "#4"}
			}
		},
		{
			"from": [5, 26, 4],
			"to": [9, 27, 5],
			"rotation": {"angle": 0, "axis": "y", "origin": [5, 26, 4]},
			"faces": {
				"north": {"uv": [8, 7, 9, 7.25], "texture": "#4"},
				"east": {"uv": [7, 9.25, 7.25, 9.5], "texture": "#4"},
				"south": {"uv": [8, 7.25, 9, 7.5], "texture": "#4"},
				"west": {"uv": [7.25, 9.25, 7.5, 9.5], "texture": "#4"},
				"up": {"uv": [9, 7.75, 8, 7.5], "texture": "#4"},
				"down": {"uv": [9, 7.75, 8, 8], "texture": "#4"}
			}
		},
		{
			"from": [5, 26, 13],
			"to": [9, 28, 14],
			"rotation": {"angle": 0, "axis": "y", "origin": [5, 26, 13]},
			"faces": {
				"north": {"uv": [0, 5.25, 1, 5.75], "texture": "#4"},
				"east": {"uv": [7, 8.5, 7.25, 9], "texture": "#4"},
				"south": {"uv": [5.25, 0.75, 6.25, 1.25], "texture": "#4"},
				"west": {"uv": [7.25, 8.5, 7.5, 9], "texture": "#4"},
				"up": {"uv": [4, 8.25, 3, 8], "texture": "#4"},
				"down": {"uv": [5, 8, 4, 8.25], "texture": "#4"}
			}
		},
		{
			"from": [5, 26, 1],
			"to": [9, 28, 2],
			"rotation": {"angle": 0, "axis": "y", "origin": [5, 26, 1]},
			"faces": {
				"north": {"uv": [1, 5.25, 2, 5.75], "texture": "#4"},
				"east": {"uv": [7.5, 8.5, 7.75, 9], "texture": "#4"},
				"south": {"uv": [5.25, 1.25, 6.25, 1.75], "texture": "#4"},
				"west": {"uv": [7.75, 8.5, 8, 9], "texture": "#4"},
				"up": {"uv": [6, 8.25, 5, 8], "texture": "#4"},
				"down": {"uv": [7, 8, 6, 8.25], "texture": "#4"}
			}
		},
		{
			"from": [6, 30, 7],
			"to": [8, 32, 8],
			"rotation": {"angle": 0, "axis": "y", "origin": [6, 30, 7]},
			"faces": {
				"north": {"uv": [8.25, 1, 8.75, 1.5], "texture": "#4"},
				"east": {"uv": [5, 8.75, 5.25, 9.25], "texture": "#4"},
				"south": {"uv": [8.25, 1.5, 8.75, 2], "texture": "#4"},
				"west": {"uv": [5.25, 8.75, 5.5, 9.25], "texture": "#4"},
				"up": {"uv": [6, 9, 5.5, 8.75], "texture": "#4"},
				"down": {"uv": [9, 8.75, 8.5, 9], "texture": "#4"}
			}
		},
		{
			"from": [5, 28, 7],
			"to": [6, 30, 8],
			"rotation": {"angle": 0, "axis": "y", "origin": [5, 28, 7]},
			"faces": {
				"north": {"uv": [4, 9, 4.25, 9.5], "texture": "#4"},
				"east": {"uv": [4.25, 9, 4.5, 9.5], "texture": "#4"},
				"south": {"uv": [4.5, 9, 4.75, 9.5], "texture": "#4"},
				"west": {"uv": [4.75, 9, 5, 9.5], "texture": "#4"},
				"up": {"uv": [8.75, 9.5, 8.5, 9.25], "texture": "#4"},
				"down": {"uv": [9.5, 8.5, 9.25, 8.75], "texture": "#4"}
			}
		},
		{
			"from": [8, 28, 7],
			"to": [9, 30, 8],
			"rotation": {"angle": 0, "axis": "y", "origin": [8, 28, 7]},
			"faces": {
				"north": {"uv": [5.5, 9, 5.75, 9.5], "texture": "#4"},
				"east": {"uv": [5.75, 9, 6, 9.5], "texture": "#4"},
				"south": {"uv": [6, 9, 6.25, 9.5], "texture": "#4"},
				"west": {"uv": [9, 6, 9.25, 6.5], "texture": "#4"},
				"up": {"uv": [9, 9.5, 8.75, 9.25], "texture": "#4"},
				"down": {"uv": [9.5, 8.75, 9.25, 9], "texture": "#4"}
			}
		},
		{
			"from": [5, 27, 5],
			"to": [9, 29, 6],
			"rotation": {"angle": 0, "axis": "y", "origin": [5, 27, 5]},
			"faces": {
				"north": {"uv": [5.25, 1.75, 6.25, 2.25], "texture": "#4"},
				"east": {"uv": [8.75, 1.5, 9, 2], "texture": "#4"},
				"south": {"uv": [5.25, 2.25, 6.25, 2.75], "texture": "#4"},
				"west": {"uv": [1.75, 8.75, 2, 9.25], "texture": "#4"},
				"up": {"uv": [9, 8.25, 8, 8], "texture": "#4"},
				"down": {"uv": [1, 8.25, 0, 8.5], "texture": "#4"}
			}
		},
		{
			"from": [5, 27, 9],
			"to": [9, 29, 10],
			"rotation": {"angle": 0, "axis": "y", "origin": [5, 27, 9]},
			"faces": {
				"north": {"uv": [3.5, 5.25, 4.5, 5.75], "texture": "#4"},
				"east": {"uv": [2, 8.75, 2.25, 9.25], "texture": "#4"},
				"south": {"uv": [5.5, 0, 6.5, 0.5], "texture": "#4"},
				"west": {"uv": [2.25, 8.75, 2.5, 9.25], "texture": "#4"},
				"up": {"uv": [9.25, 1, 8.25, 0.75], "texture": "#4"},
				"down": {"uv": [2, 8.25, 1, 8.5], "texture": "#4"}
			}
		},
		{
			"from": [5, 22, 11],
			"to": [9, 23, 12],
			"rotation": {"angle": 0, "axis": "y", "origin": [5, 22, 11]},
			"faces": {
				"north": {"uv": [0, 7.75, 1, 8], "texture": "#4"},
				"east": {"uv": [9.25, 4.5, 9.5, 4.75], "texture": "#4"},
				"south": {"uv": [7.75, 0.5, 8.75, 0.75], "texture": "#4"},
				"west": {"uv": [9.25, 4.75, 9.5, 5], "texture": "#4"},
				"up": {"uv": [2, 8, 1, 7.75], "texture": "#4"},
				"down": {"uv": [3, 7.75, 2, 8], "texture": "#4"}
			}
		},
		{
			"from": [5, 25, 12],
			"to": [9, 26, 13],
			"rotation": {"angle": 0, "axis": "y", "origin": [5, 25, 12]},
			"faces": {
				"north": {"uv": [3, 7.75, 4, 8], "texture": "#4"},
				"east": {"uv": [5, 9.25, 5.25, 9.5], "texture": "#4"},
				"south": {"uv": [4, 7.75, 5, 8], "texture": "#4"},
				"west": {"uv": [9.25, 5, 9.5, 5.25], "texture": "#4"},
				"up": {"uv": [6, 8, 5, 7.75], "texture": "#4"},
				"down": {"uv": [7, 7.75, 6, 8], "texture": "#4"}
			}
		},
		{
			"from": [6, 19, 2],
			"to": [8, 20, 3],
			"rotation": {"angle": 0, "axis": "y", "origin": [6, 19, 2]},
			"faces": {
				"north": {"uv": [8.5, 4, 9, 4.25], "texture": "#4"},
				"east": {"uv": [2, 9.25, 2.25, 9.5], "texture": "#4"},
				"south": {"uv": [4.5, 8.5, 5, 8.75], "texture": "#4"},
				"west": {"uv": [9.25, 2, 9.5, 2.25], "texture": "#4"},
				"up": {"uv": [5.5, 8.75, 5, 8.5], "texture": "#4"},
				"down": {"uv": [6, 8.5, 5.5, 8.75], "texture": "#4"}
			}
		},
		{
			"from": [6, 19, 12],
			"to": [8, 20, 13],
			"rotation": {"angle": 0, "axis": "y", "origin": [6, 19, 12]},
			"faces": {
				"north": {"uv": [2, 5.25, 2.5, 5.5], "texture": "#4"},
				"east": {"uv": [1.25, 9.25, 1.5, 9.5], "texture": "#4"},
				"south": {"uv": [3.5, 8.5, 4, 8.75], "texture": "#4"},
				"west": {"uv": [9.25, 1.25, 9.5, 1.5], "texture": "#4"},
				"up": {"uv": [9, 4, 8.5, 3.75], "texture": "#4"},
				"down": {"uv": [4.5, 8.5, 4, 8.75], "texture": "#4"}
			}
		},
		{
			"from": [5, 23, 8],
			"to": [9, 24, 9],
			"rotation": {"angle": 0, "axis": "y", "origin": [5, 23, 8]},
			"faces": {
				"north": {"uv": [3, 7, 4, 7.25], "texture": "#4"},
				"east": {"uv": [0.5, 9.25, 0.75, 9.5], "texture": "#4"},
				"south": {"uv": [4, 7, 5, 7.25], "texture": "#4"},
				"west": {"uv": [9.25, 0.5, 9.5, 0.75], "texture": "#4"},
				"up": {"uv": [6, 7.25, 5, 7], "texture": "#4"},
				"down": {"uv": [7, 7, 6, 7.25], "texture": "#4"}
			}
		},
		{
			"from": [5, 23, 6],
			"to": [9, 24, 7],
			"rotation": {"angle": 0, "axis": "y", "origin": [5, 23, 6]},
			"faces": {
				"north": {"uv": [7, 6.25, 8, 6.5], "texture": "#4"},
				"east": {"uv": [0.75, 9.25, 1, 9.5], "texture": "#4"},
				"south": {"uv": [7, 6.5, 8, 6.75], "texture": "#4"},
				"west": {"uv": [9.25, 0.75, 9.5, 1], "texture": "#4"},
				"up": {"uv": [8, 7, 7, 6.75], "texture": "#4"},
				"down": {"uv": [8, 7, 7, 7.25], "texture": "#4"}
			}
		},
		{
			"from": [5, 24, 6],
			"to": [9, 25, 7],
			"rotation": {"angle": 0, "axis": "y", "origin": [5, 24, 6]},
			"faces": {
				"north": {"uv": [5, 7.25, 6, 7.5], "texture": "#4"},
				"east": {"uv": [2.75, 9.25, 3, 9.5], "texture": "#4"},
				"south": {"uv": [7.25, 5, 8.25, 5.25], "texture": "#4"},
				"west": {"uv": [9.25, 2.75, 9.5, 3], "texture": "#4"},
				"up": {"uv": [8.25, 5.5, 7.25, 5.25], "texture": "#4"},
				"down": {"uv": [8.25, 5.5, 7.25, 5.75], "texture": "#4"}
			}
		},
		{
			"from": [5, 25, 7],
			"to": [9, 26, 8],
			"light_emission": 15,
			"rotation": {"angle": 0, "axis": "y", "origin": [5, 25, 7]},
			"faces": {
				"north": {"uv": [7.5, 0, 8.5, 0.25], "texture": "#4"},
				"east": {"uv": [3.25, 9.25, 3.5, 9.5], "texture": "#4"},
				"south": {"uv": [7.5, 0.25, 8.5, 0.5], "texture": "#4"},
				"west": {"uv": [9.25, 3.25, 9.5, 3.5], "texture": "#4"},
				"up": {"uv": [2, 7.75, 1, 7.5], "texture": "#4"},
				"down": {"uv": [3, 7.5, 2, 7.75], "texture": "#4"}
			}
		},
		{
			"from": [5, 24, 8],
			"to": [9, 25, 9],
			"rotation": {"angle": 0, "axis": "y", "origin": [5, 24, 8]},
			"faces": {
				"north": {"uv": [7.25, 5.75, 8.25, 6], "texture": "#4"},
				"east": {"uv": [3, 9.25, 3.25, 9.5], "texture": "#4"},
				"south": {"uv": [6, 7.25, 7, 7.5], "texture": "#4"},
				"west": {"uv": [9.25, 3, 9.5, 3.25], "texture": "#4"},
				"up": {"uv": [8, 7.5, 7, 7.25], "texture": "#4"},
				"down": {"uv": [1, 7.5, 0, 7.75], "texture": "#4"}
			}
		},
		{
			"from": [5, 21, 6],
			"to": [9, 22, 7],
			"rotation": {"angle": 0, "axis": "y", "origin": [5, 21, 6]},
			"faces": {
				"north": {"uv": [4, 6.5, 5, 6.75], "texture": "#4"},
				"east": {"uv": [9, 8.5, 9.25, 8.75], "texture": "#4"},
				"south": {"uv": [6.5, 4, 7.5, 4.25], "texture": "#4"},
				"west": {"uv": [8.75, 9, 9, 9.25], "texture": "#4"},
				"up": {"uv": [6, 6.75, 5, 6.5], "texture": "#4"},
				"down": {"uv": [7, 6.5, 6, 6.75], "texture": "#4"}
			}
		},
		{
			"from": [5, 21, 4],
			"to": [9, 24, 5],
			"rotation": {"angle": 0, "axis": "y", "origin": [5, 21, 4]},
			"faces": {
				"north": {"uv": [3.5, 3.25, 4.5, 4], "texture": "#4"},
				"east": {"uv": [8, 8.25, 8.25, 9], "texture": "#4"},
				"south": {"uv": [2.5, 3.75, 3.5, 4.5], "texture": "#4"},
				"west": {"uv": [8.25, 8.25, 8.5, 9], "texture": "#4"},
				"up": {"uv": [7.25, 2.25, 6.25, 2], "texture": "#4"},
				"down": {"uv": [7.25, 2.25, 6.25, 2.5], "texture": "#4"}
			}
		},
		{
			"from": [5, 23, 3],
			"to": [9, 25, 4],
			"rotation": {"angle": 0, "axis": "y", "origin": [5, 23, 3]},
			"faces": {
				"north": {"uv": [2.5, 4.5, 3.5, 5], "texture": "#4"},
				"east": {"uv": [8.5, 2.75, 8.75, 3.25], "texture": "#4"},
				"south": {"uv": [4.5, 3, 5.5, 3.5], "texture": "#4"},
				"west": {"uv": [3, 8.5, 3.25, 9], "texture": "#4"},
				"up": {"uv": [5, 6.5, 4, 6.25], "texture": "#4"},
				"down": {"uv": [6, 6.25, 5, 6.5], "texture": "#4"}
			}
		},
		{
			"from": [5, 26, 6],
			"to": [9, 28, 7],
			"rotation": {"angle": 0, "axis": "y", "origin": [5, 26, 6]},
			"faces": {
				"north": {"uv": [4.5, 4.5, 5.5, 5], "texture": "#4"},
				"east": {"uv": [6, 8.5, 6.25, 9], "texture": "#4"},
				"south": {"uv": [3.5, 4.75, 4.5, 5.25], "texture": "#4"},
				"west": {"uv": [6.25, 8.5, 6.5, 9], "texture": "#4"},
				"up": {"uv": [8.5, 3, 7.5, 2.75], "texture": "#4"},
				"down": {"uv": [4, 7.5, 3, 7.75], "texture": "#4"}
			}
		},
		{
			"from": [5, 26, 8],
			"to": [9, 28, 9],
			"rotation": {"angle": 0, "axis": "y", "origin": [5, 26, 8]},
			"faces": {
				"north": {"uv": [2.5, 5, 3.5, 5.5], "texture": "#4"},
				"east": {"uv": [6.5, 8.5, 6.75, 9], "texture": "#4"},
				"south": {"uv": [4.5, 5, 5.5, 5.5], "texture": "#4"},
				"west": {"uv": [6.75, 8.5, 7, 9], "texture": "#4"},
				"up": {"uv": [8.5, 3.25, 7.5, 3], "texture": "#4"},
				"down": {"uv": [8.5, 3.25, 7.5, 3.5], "texture": "#4"}
			}
		},
		{
			"from": [5, 23, 11],
			"to": [9, 25, 12],
			"rotation": {"angle": 0, "axis": "y", "origin": [5, 23, 11]},
			"faces": {
				"north": {"uv": [4.5, 3.5, 5.5, 4], "texture": "#4"},
				"east": {"uv": [3.25, 8.5, 3.5, 9], "texture": "#4"},
				"south": {"uv": [4.5, 4, 5.5, 4.5], "texture": "#4"},
				"west": {"uv": [8.5, 3.25, 8.75, 3.75], "texture": "#4"},
				"up": {"uv": [7.25, 5.25, 6.25, 5], "texture": "#4"},
				"down": {"uv": [7.25, 5.25, 6.25, 5.5], "texture": "#4"}
			}
		},
		{
			"from": [5, 21, 10],
			"to": [9, 24, 11],
			"rotation": {"angle": 0, "axis": "y", "origin": [5, 21, 10]},
			"faces": {
				"north": {"uv": [3.5, 4, 4.5, 4.75], "texture": "#4"},
				"east": {"uv": [0, 8.5, 0.25, 9.25], "texture": "#4"},
				"south": {"uv": [4.5, 0, 5.5, 0.75], "texture": "#4"},
				"west": {"uv": [0.25, 8.5, 0.5, 9.25], "texture": "#4"},
				"up": {"uv": [7.25, 2.75, 6.25, 2.5], "texture": "#4"},
				"down": {"uv": [4, 6.25, 3, 6.5], "texture": "#4"}
			}
		},
		{
			"from": [5, 21, 9],
			"to": [9, 22, 10],
			"rotation": {"angle": 0, "axis": "y", "origin": [5, 21, 9]},
			"faces": {
				"north": {"uv": [6.25, 1.25, 7.25, 1.5], "texture": "#4"},
				"east": {"uv": [9, 7.5, 9.25, 7.75], "texture": "#4"},
				"south": {"uv": [6.25, 1.5, 7.25, 1.75], "texture": "#4"},
				"west": {"uv": [7.75, 9, 8, 9.25], "texture": "#4"},
				"up": {"uv": [7.25, 2, 6.25, 1.75], "texture": "#4"},
				"down": {"uv": [3, 6.25, 2, 6.5], "texture": "#4"}
			}
		},
		{
			"from": [5, 22, 9],
			"to": [9, 23, 10],
			"rotation": {"angle": 0, "axis": "y", "origin": [5, 22, 9]},
			"faces": {
				"north": {"uv": [2, 6.75, 3, 7], "texture": "#4"},
				"east": {"uv": [0, 9.25, 0.25, 9.5], "texture": "#4"},
				"south": {"uv": [3, 6.75, 4, 7], "texture": "#4"},
				"west": {"uv": [9.25, 0, 9.5, 0.25], "texture": "#4"},
				"up": {"uv": [5, 7, 4, 6.75], "texture": "#4"},
				"down": {"uv": [6, 6.75, 5, 7], "texture": "#4"}
			}
		},
		{
			"from": [5, -9, 9],
			"to": [6, -8, 10],
			"rotation": {"angle": 0, "axis": "y", "origin": [5, -9, 9]},
			"faces": {
				"north": {"uv": [6, 6.25, 7, 6.5], "texture": "#4"},
				"east": {"uv": [9, 7.75, 9.25, 8], "texture": "#4"},
				"south": {"uv": [0, 6.5, 1, 6.75], "texture": "#4"},
				"west": {"uv": [8, 9, 8.25, 9.25], "texture": "#4"},
				"up": {"uv": [7.5, 0.25, 6.5, 0], "texture": "#4"},
				"down": {"uv": [7.5, 0.25, 6.5, 0.5], "texture": "#4"}
			}
		},
		{
			"from": [5, -9, 5],
			"to": [6, -8, 6],
			"rotation": {"angle": 0, "axis": "y", "origin": [5, -9, 5]},
			"faces": {
				"north": {"uv": [1, 6.5, 2, 6.75], "texture": "#4"},
				"east": {"uv": [9, 8, 9.25, 8.25], "texture": "#4"},
				"south": {"uv": [2, 6.5, 3, 6.75], "texture": "#4"},
				"west": {"uv": [8.25, 9, 8.5, 9.25], "texture": "#4"},
				"up": {"uv": [7.5, 3, 6.5, 2.75], "texture": "#4"},
				"down": {"uv": [4, 6.5, 3, 6.75], "texture": "#4"}
			}
		},
		{
			"from": [8, -9, 5],
			"to": [9, -8, 6],
			"rotation": {"angle": 0, "axis": "y", "origin": [8, -9, 5]},
			"faces": {
				"north": {"uv": [1, 6.5, 2, 6.75], "texture": "#4"},
				"east": {"uv": [9, 8, 9.25, 8.25], "texture": "#4"},
				"south": {"uv": [2, 6.5, 3, 6.75], "texture": "#4"},
				"west": {"uv": [8.25, 9, 8.5, 9.25], "texture": "#4"},
				"up": {"uv": [7.5, 3, 6.5, 2.75], "texture": "#4"},
				"down": {"uv": [4, 6.5, 3, 6.75], "texture": "#4"}
			}
		},
		{
			"from": [8, -9, 9],
			"to": [9, -8, 10],
			"rotation": {"angle": 0, "axis": "y", "origin": [8, -9, 9]},
			"faces": {
				"north": {"uv": [1, 6.5, 2, 6.75], "texture": "#4"},
				"east": {"uv": [9, 8, 9.25, 8.25], "texture": "#4"},
				"south": {"uv": [2, 6.5, 3, 6.75], "texture": "#4"},
				"west": {"uv": [8.25, 9, 8.5, 9.25], "texture": "#4"},
				"up": {"uv": [7.5, 3, 6.5, 2.75], "texture": "#4"},
				"down": {"uv": [4, 6.5, 3, 6.75], "texture": "#4"}
			}
		},
		{
			"from": [6, -8, 6],
			"to": [8, -7, 9],
			"rotation": {"angle": 0, "axis": "y", "origin": [6, -8, 6]},
			"faces": {
				"north": {"uv": [9, 4, 9.5, 4.25], "texture": "#4"},
				"east": {"uv": [8.5, 0.25, 9.25, 0.5], "texture": "#4"},
				"south": {"uv": [7, 9, 7.5, 9.25], "texture": "#4"},
				"west": {"uv": [0.75, 8.5, 1.5, 8.75], "texture": "#4"},
				"up": {"uv": [0.5, 6.5, 0, 5.75], "texture": "#4"},
				"down": {"uv": [1, 5.75, 0.5, 6.5], "texture": "#4"}
			}
		},
		{
			"from": [6, 17, 8],
			"to": [8, 20, 9],
			"rotation": {"angle": 0, "axis": "y", "origin": [6, 17, 8]},
			"faces": {
				"north": {"uv": [4.5, 2.25, 5.25, 3], "texture": "#4"},
				"east": {"uv": [0.5, 8.5, 0.75, 9.25], "texture": "#4"},
				"south": {"uv": [4.5, 2.25, 5.25, 3], "texture": "#4"},
				"west": {"uv": [0.5, 8.5, 0.75, 9.25], "texture": "#4"},
				"up": {"uv": [9.25, 0.25, 8.5, 0], "texture": "#4"},
				"down": {"uv": [8.5, 0, 9.25, 0.25], "texture": "#4"}
			}
		},
		{
			"from": [6, 17, 6],
			"to": [8, 20, 8],
			"rotation": {"angle": 0, "axis": "y", "origin": [6, 17, 6]},
			"faces": {
				"north": {"uv": [4.5, 0.75, 5.25, 1.5], "texture": "#4"},
				"east": {"uv": [4.5, 5.5, 5, 6.25], "texture": "#4"},
				"south": {"uv": [4.5, 1.5, 5.25, 2.25], "texture": "#4"},
				"west": {"uv": [5, 5.5, 5.5, 6.25], "texture": "#4"},
				"up": {"uv": [6.25, 5.5, 5.5, 5], "texture": "#4"},
				"down": {"uv": [6.25, 5.5, 5.5, 6], "texture": "#4"}
			}
		},
		{
			"from": [6, -7, 6],
			"to": [8, -6, 9],
			"rotation": {"angle": 0, "axis": "y", "origin": [6, -7, 6]},
			"faces": {
				"north": {"uv": [9, 7, 9.5, 7.25], "texture": "#4"},
				"east": {"uv": [1.5, 8.5, 2.25, 8.75], "texture": "#4"},
				"south": {"uv": [9, 7.25, 9.5, 7.5], "texture": "#4"},
				"west": {"uv": [2.25, 8.5, 3, 8.75], "texture": "#4"},
				"up": {"uv": [1.5, 6.5, 1, 5.75], "texture": "#4"},
				"down": {"uv": [2, 5.75, 1.5, 6.5], "texture": "#4"}
			}
		}
	],
	"display": {
		"thirdperson_righthand": {
			"rotation": [-23, 33, 0],
			"translation": [1.25, -3.5, 2.25]
		},
		"thirdperson_lefthand": {
			"rotation": [-51, 43, 0],
			"translation": [0, 0, 1.25]
		},
		"firstperson_righthand": {
			"rotation": [-86, 44, 3],
			"translation": [0.5, 2.25, 9.25]
		},
		"firstperson_lefthand": {
			"rotation": [-99, 45, 0],
			"translation": [5.25, 2.25, 4.5]
		},
		"ground": {
			"translation": [0, 0.75, 0],
			"scale": [0.2, 0.2, 0.2]
		},
		"gui": {
			"rotation": [0, 78, 0],
			"translation": [0, -1.25, 0],
			"scale": [0.36, 0.37, 0.35]
		},
		"head": {
			"rotation": [-91, 0, 0]
		},
		"fixed": {
			"rotation": [0, -82, 0],
			"translation": [0, -1, 0],
			"scale": [0.4, 0.4, 0.4]
		}
	}
}